word,pos,frequency
och,conj,26019.68
vara,verb,23017.26
i,prep,19272.89
ha,verb,15983.31
dess,pronoun,15935.58
det,pronoun,14582.21
en,det,14511.22
som,pronoun,12734.7
på,prep,12591.15
å,prep,12462.73
av,prep,11540.13
för,prep,11408.82
att,subj,11271.57
kunna,verb,11119.08
skola,verb,10411.19
jag,pronoun,9390.67
inte,adverb,9073.55
med,prep,8790.85
till,prep,8662.68
liten,adjective,8654.67
den,det,6896.18
ett,det,6314.26
analog,adjective,5649.0
unna,verb,5559.15
om,prep,5278.24
vi,pronoun,4723.57
men,conj,4545.97
man,pronoun,4446.34
de,det,4437.26
få,verb,4060.39
så,adverb,4004.97
som,conj,3762.28
sig,pronoun,3469.03
han,pronoun,3380.88
de,pronoun,3345.8
bli,verb,3293.35
komma,verb,3224.74
det,det,3221.41
sin,pronoun,3217.3
eller,conj,3138.92
från,prep,3117.46
mycket,adverb,3112.13
vilja,verb,3004.91
all,pronoun,2975.47
göra,verb,2942.04
om,subj,2630.45
annan,pronoun,2624.2
du,pronoun,2581.46
någon,pronoun,2565.69
finna,verb,2465.41
ta,verb,2452.4
när,adverb,2386.89
se,verb,2253.32
måste,verb,2214.95
detta,pronoun,2200.74
stor,adjective,2046.73
nu,adverb,2033.06
gå,verb,2001.14
säga,verb,1998.46
den,pronoun,1981.49
vad,pronoun,1911.2
år,noun,1886.72
äga,verb,1867.88
under,prep,1851.63
betyda,verb,1811.72
också,adverb,1797.39
där,adverb,1790.68
då,adverb,1788.93
min,pronoun,1757.18
böra,verb,1743.31
hur,adverb,1690.32
mig,pronoun,1622.7
mot,prep,1592.42
bara,adverb,1582.15
vilken,pronoun,1512.84
ut,adverb,1481.5
ny,adjective,1446.08
vid,prep,1439.02
än,conj,1428.89
bra,adjective,1428.27
ingen,pronoun,1350.9
dem,pronoun,1341.39
efter,prep,1323.97
upp,particle,1322.38
hon,pronoun,1291.75
lite,adverb,1288.09
denna,pronoun,1279.97
in,adverb,1274.61
mycket,adjective,1271.67
över,prep,1267.18
ge,verb,1208.51
vår,pronoun,1206.78
del,noun,1202.45
här,adverb,1194.91
även,adverb,1191.77
skriva,verb,1141.32
tid,noun,1127.59
ju,adverb,1119.58
sedan,adverb,1115.12
te sig,verb,1115.09
riva,verb,1088.02
börja,verb,1039.45
hel,adjective,1034.76
dag,noun,1033.61
själv,pronoun,1033.19
människa,noun,1030.33
land,noun,949.12
svensk,adjective,948.52
fråga,noun,938.78
oss,pronoun,934.32
tro,verb,928.39
el,noun,925.85
tycka,verb,924.85
kommentar,noun,924.68
veta,verb,894.31
idag,adverb,865.13
försöka,verb,859.72
behöva,verb,858.16
samma,pronoun,844.13
mellan,prep,841.51
känna,verb,840.25
läsa,verb,823.05
ro,verb,816.02
kanske,adverb,809.75
lik,adjective,808.09
låta,verb,807.17
olik,adjective,790.47
sådan,pronoun,788.97
sätt,noun,784.91
hans,pronoun,774.6
din,pronoun,771.62
gång,noun,763.39
stå,verb,761.8
inom,prep,758.15
visa,verb,757.44
använda,verb,749.26
vända,verb,749.26
hålla,verb,739.42
genom,prep,733.74
helt,adverb,721.67
fler,adjective,717.99
utan,prep,707.53
väl,adverb,705.75
barn,noun,700.31
enligt,prep,680.22
tänka,verb,666.7
ni,pronoun,665.01
viktig,adjective,662.11
ring,noun,658.84
eftersom,subj,652.0
liv,noun,624.66
deras,pronoun,623.86
värld,noun,617.89
viss,adjective,614.61
dock,adverb,614.54
egen,adjective,612.48
folk,noun,606.98
regering,noun,603.37
fram,particle,600.53
honom,pronoun,597.56
söka,verb,596.07
dig,pronoun,590.81
utan,conj,586.71
sak,noun,581.51
hög,adjective,578.03
länge,adverb,568.83
person,noun,568.43
ligga,verb,566.6
son,noun,560.93
både,conj,554.95
just,adverb,545.57
lägga,verb,545.17
antal,noun,542.86
redan,adverb,533.67
kvinna,noun,521.11
problem,noun,520.62
fall,noun,520.07
man,noun,520.07
aldrig,adverb,511.81
ofta,adverb,501.79
varje,det,501.7
artikel,noun,501.28
anse,verb,500.58
öva,verb,496.12
lag,noun,489.85
slag,noun,487.59
tal,noun,485.93
åt,prep,484.56
nog,adverb,482.6
bok,noun,478.59
varför,adverb,475.84
handla,verb,475.07
gammal,adjective,470.38
bild,noun,468.8
sida,noun,466.09
så,subj,465.43
öka,verb,462.83
därför,adverb,461.58
sen,adjective,459.09
god,adjective,453.87
hos,prep,453.15
alltid,adverb,446.85
skapa,verb,445.51
arbete,noun,441.9
kapa,verb,435.8
samt,conj,435.23
blogg,noun,430.91
innan,subj,429.65
som,adverb,429.24
ur,prep,427.0
gälla,verb,426.9
verka,verb,423.62
tala,verb,423.1
bära,verb,422.35
för,adverb,421.08
väg,noun,420.51
samhälle,noun,420.38
alltså,adverb,419.06
stat,noun,416.16
stad,noun,413.66
höra,verb,412.78
innebära,verb,412.65
genom att,subj,412.39
företag,noun,412.18
möjlighet,noun,411.21
ord,noun,410.3
politisk,adjective,409.23
välja,verb,403.72
er,pronoun,403.6
förstå,verb,403.12
ägg,noun,403.03
inlägg,noun,403.03
te,noun,401.97
spela,verb,401.87
så att,subj,400.31
lika,adverb,394.25
hitta,verb,390.73
tag,noun,390.12
dra,verb,389.89
leda,verb,388.53
gärna,adverb,387.27
ändå,adverb,386.11
förslag,noun,385.31
lyckas,verb,384.14
dessutom,adverb,381.45
område,noun,380.95
lag,noun,380.83
svår,adjective,379.67
lära,verb,376.66
sätta,verb,375.3
plats,noun,374.33
lång,adjective,372.0
lämna,verb,369.7
bygga,verb,368.34
politik,noun,367.14
tidigare,adverb,366.98
kalla,verb,365.74
peng,noun,365.1
väldigt,adverb,363.6
leva,verb,363.55
ställa,verb,361.06
följa,verb,359.7
vecka,noun,357.71
ja,interj,353.15
ske,verb,351.8
parti,noun,348.11
kräva,verb,347.5
utveckling,noun,341.81
faktiskt,adverb,341.44
ena,verb,340.46
svara,verb,339.8
ner,particle,339.66
fortsätta,verb,337.29
skola,noun,334.72
bruka,verb,334.18
mål,noun,331.84
par,noun,331.61
sent,adverb,330.39
ekonomisk,adjective,327.88
kl.,noun,325.82
dålig,adjective,323.94
namn,noun,323.21
verkligen,adverb,321.76
igen,adverb,321.76
mena,verb,320.45
fortfarande,adverb,319.39
grupp,noun,315.91
beslut,noun,315.74
även om,subj,314.71
enda,adjective,314.53
bort,particle,313.64
slå,verb,312.71
möjlig,adjective,310.72
många,pronoun,310.01
hända,verb,307.66
ämna,verb,307.66
endast,adverb,302.17
miljon,noun,301.59
vidare,adverb,297.7
ganska,adverb,295.35
svar,noun,291.65
varenda,det,291.39
istället,adverb,291.38
först,adverb,290.35
arbeta,verb,289.93
heller,adverb,288.81
riktigt,adverb,288.62
hand,noun,288.6
uppgift,noun,287.98
fungera,verb,287.4
beta,verb,286.58
köpa,verb,284.11
nästan,adverb,284.0
bra,adverb,283.65
bland,prep,282.47
december,noun,280.83
sitta,verb,280.32
precis,adverb,277.18
hennes,pronoun,275.94
åta sig,verb,275.39
bland annat,adverb,275.2
krig,noun,275.09
till exempel,adverb,274.97
tillsammans,adverb,274.88
henne,pronoun,272.82
intressant,adjective,272.16
val,noun,269.93
kyrka,noun,268.45
egentligen,adverb,267.44
inför,prep,267.33
historia,noun,267.25
jobb,noun,266.97
berätta,verb,266.34
vanlig,adjective,265.84
rätta,verb,265.36
januari,noun,264.41
information,noun,264.14
flest,adjective,262.77
ung,adjective,260.53
en,pronoun,260.31
tillbaka,particle,259.58
film,noun,258.67
ibland,adverb,258.58
medan,subj,257.43
slut,noun,256.6
massa,noun,255.87
tanke,noun,251.61
akt,noun,251.45
procent,noun,251.21
månad,noun,251.14
sista,adjective,250.04
ätt,noun,249.91
sluta,verb,249.47
verksamhet,noun,249.2
rätt,noun,249.15
samtidigt,adverb,247.54
emot,prep,247.28
stöd,noun,244.26
familj,noun,244.19
vem,pronoun,243.27
åka,verb,243.14
betala,verb,242.04
kommun,noun,242.01
resultat,noun,241.96
utveckla,verb,241.91
föra,verb,240.44
hjälpa,verb,238.92
nästa,adjective,237.94
nära,adverb,237.62
nej,interj,237.61
text,noun,234.6
exempel,noun,232.43
särskilt,adverb,232.35
debatt,noun,232.07
när det gäller,prep,230.03
på grund av,adverb,229.03
situation,noun,229.02
europeisk,adjective,228.56
form,noun,228.11
orm,noun,228.11
råd,noun,228.07
november,noun,228.05
makt,noun,228.02
social,adjective,226.91
vinna,verb,226.63
kvar,particle,226.35
system,noun,225.72
vänta,verb,225.55
tidig,adjective,225.46
åtgärd,noun,223.86
krav,noun,223.66
skillnad,noun,223.65
riksdag,noun,223.14
internationell,adjective,222.66
nationell,adjective,222.66
jobba,verb,221.99
klara,verb,218.16
typ,noun,217.75
kring,prep,217.05
båda,pronoun,217.0
cirka,adverb,216.97
tur,noun,216.52
polis,noun,216.42
medium,noun,215.79
låg,adjective,214.24
varandra,pronoun,214.16
mun,noun,213.93
ansvar,noun,213.48
roll,noun,213.39
regel,noun,211.92
oktober,noun,211.56
prata,verb,211.06
organisation,noun,210.61
medlem,noun,210.54
fråga,verb,210.47
anmäla,verb,209.8
nå,verb,209.69
bo,verb,209.48
krona,noun,207.79
rättighet,noun,207.42
stämma,verb,207.42
sedan,prep,207.3
bakom,prep,206.72
efter att,subj,206.69
med,adverb,206.58
därmed,adverb,206.58
hus,noun,206.57
vän,noun,205.79
dela,verb,205.43
februari,noun,205.04
kort,adjective,204.59
grund,noun,204.34
runt,prep,203.5
köra,verb,203.16
framtid,noun,203.16
etikett,noun,202.31
fri,adjective,201.84
behov,noun,201.71
timme,noun,201.49
september,noun,201.31
hoppas,verb,200.99
ensam,adjective,200.63
snart,adverb,199.9
rätt,adverb,198.64
förklara,verb,198.04
ledning,noun,197.93
intresse,noun,197.41
tvinga,verb,196.99
påverka,verb,196.4
anledning,noun,195.88
titta,verb,195.79
minska,verb,195.42
i alla fall,adverb,195.28
däremot,adverb,194.9
direkt,adverb,194.63
ekonomi,noun,194.28
bestämma,verb,192.88
skicka,verb,192.84
trots,prep,192.43
åsikt,noun,192.3
diskussion,noun,192.14
rad,noun,192.14
faktum,noun,192.11
tidning,noun,191.91
mening,noun,191.16
utanför,prep,190.63
rätt,adjective,190.49
gemensam,adjective,189.45
klar,adjective,187.9
juni,noun,186.95
is,noun,186.84
bil,noun,186.44
myndighet,noun,186.22
nummer,noun,186.0
allmän,adjective,185.28
musik,noun,185.07
ändra,verb,184.81
träffa,verb,184.74
ihop,particle,183.73
diskutera,verb,183.54
driva,verb,183.3
sälja,verb,182.71
sakna,verb,182.57
program,noun,182.39
ifrån,prep,181.44
länka,verb,179.35
kunskap,noun,179.19
snabbt,adverb,178.68
maj,noun,177.76
amerikansk,adjective,177.66
tyda,verb,177.46
särskild,adjective,177.43
början,noun,176.59
naturligtvis,adverb,176.31
skäl,noun,175.99
fin,adjective,174.99
genomföra,verb,174.86
liksom,adverb,174.75
via,prep,174.12
före,prep,173.85
dom,noun,173.6
risk,noun,173.27
enkel,adjective,173.1
alls,adverb,173.06
pris,noun,172.92
räkna,verb,172.91
beskriva,verb,172.36
hem,particle,172.22
möta,verb,172.02
såsom,subj,171.86
idé,noun,171.57
gram,noun,171.53
förra,adjective,170.92
tjänst,noun,170.63
heta,verb,170.22
kultur,noun,170.1
äta,verb,169.74
syfte,noun,168.82
princip,noun,167.86
flytta,verb,167.68
utgöra,verb,167.61
ute,adverb,167.61
politiker,noun,167.43
lätt,adjective,167.41
förälder,noun,167.0
marknad,noun,166.13
nämligen,adverb,165.98
tydlig,adjective,165.93
utbildning,noun,165.87
röra,verb,165.68
nivå,noun,165.64
april,noun,165.36
mängd,noun,165.27
betydelse,noun,165.2
kristen,adjective,164.51
dö,verb,164.3
mars,noun,164.22
allt,adverb,163.95
kväll,noun,163.87
bildning,noun,163.82
länk,noun,163.54
växa,verb,162.65
per,prep,162.15
offentlig,adjective,161.83
såväl,conj,161.72
våga,verb,161.66
vatten,noun,161.3
håll,noun,161.22
mänsklig,adjective,160.58
demokrati,noun,160.56
fatta,verb,160.43
jord,noun,159.88
känsla,noun,159.45
förändring,noun,159.43
nämna,verb,159.17
tyvärr,adverb,159.15
enskild,adjective,159.02
rätt,particle,158.98
be,verb,158.82
ändring,noun,158.58
punkt,noun,158.58
mission,noun,158.08
igår,adverb,157.53
kommission,noun,157.33
ort,noun,156.85
anta,verb,156.58
trots att,subj,156.41
spel,noun,156.33
språk,noun,156.31
föreslå,verb,156.27
igenom,prep,154.93
undra,verb,154.38
eget,adjective,154.19
möte,noun,153.97
mat,noun,153.94
gräns,noun,153.55
lyssna,verb,152.94
delta,verb,152.8
samarbete,noun,152.7
annars,adverb,152.6
falla,verb,152.58
nära,adjective,152.36
rum,noun,152.07
ungefär,adverb,151.93
starta,verb,151.68
inse,verb,151.51
internet,noun,151.38
hov,noun,150.99
öppen,adjective,150.86
bidra,verb,150.84
död,noun,150.59
luta,verb,150.2
öga,noun,150.07
säkert,adverb,149.46
ämne,noun,149.25
få,adjective,148.91
augusti,noun,148.76
socialdemokrat,noun,148.49
projekt,noun,148.31
övrig,adjective,148.21
dels,conj,148.09
framför allt,adverb,147.43
positiv,adjective,147.36
rolig,adjective,147.33
port,noun,146.95
bero,verb,146.68
kropp,noun,145.82
minnas,verb,145.43
handling,noun,145.37
rösta,verb,145.06
riktig,adjective,144.98
rapport,noun,144.86
lösning,noun,144.58
personlig,adjective,143.81
kommentera,verb,142.95
som att,subj,142.78
gilla,verb,142.42
bryta,verb,142.11
hjälp,noun,142.06
juli,noun,142.01
innehålla,verb,141.45
liknande,adjective,140.93
tillfälle,noun,140.9
inte ens,adverb,140.79
känd,adjective,140.65
forskning,noun,140.49
kraft,noun,140.46
helt enkelt,adverb,140.11
brott,noun,139.94
exempelvis,adverb,139.94
röst,noun,139.89
bjuda,verb,139.86
till och med,adverb,139.7
hävda,verb,139.57
hamna,verb,139.4
effekt,noun,138.78
enhet,noun,138.39
det vill säga,adverb,138.07
kontakt,noun,137.86
takt,noun,137.86
värde,noun,137.82
förutsättning,noun,137.72
sats,noun,137.65
medlemsstat,noun,137.58
hinna,verb,137.35
sanning,noun,136.75
religion,noun,136.55
källa,noun,136.13
må,verb,135.98
kostnad,noun,135.72
medborgare,noun,135.65
förhållande,noun,135.64
far,noun,135.06
miljard,noun,134.96
ungdom,noun,134.37
släppa,verb,134.32
enbart,adverb,134.15
drag,noun,134.15
verklighet,noun,133.94
författare,noun,133.87
tillgång,noun,133.5
nödvändig,adjective,133.42
full,adjective,133.12
frihet,noun,132.47
passa,verb,132.39
lokal,adjective,132.16
ytterligare,adverb,131.58
öppna,verb,131.53
införa,verb,130.26
ledare,noun,129.98
mamma,noun,129.87
sammanhang,noun,129.67
svensk,noun,129.62
hemma,adverb,129.59
produkt,noun,129.58
efter,adverb,129.33
därefter,adverb,129.33
match,noun,129.11
tro,noun,129.11
alldeles,adverb,128.37
lätt,adverb,128.34
sann,adjective,128.33
uppfattning,noun,128.3
demokrat,noun,128.13
bolag,noun,128.01
erfarenhet,noun,127.97
kritik,noun,127.81
grad,noun,127.76
jude,noun,127.57
vacker,adjective,127.57
erbjuda,verb,127.44
kamp,noun,127.43
period,noun,127.37
modern,adjective,127.04
spelare,noun,127.02
elev,noun,127.01
utredning,noun,126.93
ingå,verb,126.92
kung,noun,126.7
bestå,verb,126.46
katt,noun,126.45
konstatera,verb,126.41
dit,adverb,126.29
klart,adverb,126.22
nuvarande,adjective,126.21
styra,verb,126.2
förlora,verb,126.19
vit,adjective,126.15
klocka,noun,125.96
påstå,verb,125.75
skatt,noun,125.65
besluta,verb,125.13
befolkning,noun,125.01
avse,verb,124.91
ro,noun,124.53
privat,adjective,124.48
steg,noun,124.22
art,noun,123.8
stödja,verb,123.76
ond,adjective,123.18
plan,noun,122.73
resa,noun,122.43
utom,prep,122.27
hund,noun,122.24
syn,noun,122.2
glömma,verb,122.09
avtal,noun,121.92
lek,noun,121.7
kul,adjective,121.6
natt,noun,121.51
förändra,verb,121.43
ange,verb,121.39
någonting,pronoun,121.12
förstås,adverb,121.03
individ,noun,120.93
älska,verb,120.93
motion,noun,120.87
glad,adjective,120.57
ned,particle,120.5
dator,noun,120.28
miljö,noun,120.16
ek,noun,119.87
åtminstone,adverb,119.86
presentera,verb,119.78
stanna,verb,119.33
byta,verb,119.29
alternativ,noun,118.94
minut,noun,118.87
ingenting,pronoun,118.79
uppleva,verb,118.65
samla,verb,118.53
svart,adjective,118.26
bakgrund,noun,118.12
skott,noun,118.07
ö,noun,118.02
kärlek,noun,118.0
metod,noun,117.61
äldre,adjective,117.18
säker,adjective,117.08
borgare,noun,117.01
gud,noun,116.98
insats,noun,116.63
tysk,adjective,116.47
kontroll,noun,116.35
lösa,verb,116.34
kolla,verb,116.13
fylla,verb,116.0
ris,noun,115.66
bestämmelse,noun,115.66
drabba,verb,115.55
nät,noun,115.48
teknik,noun,115.08
resurs,noun,115.04
försök,noun,114.85
fara,verb,114.82
tjäna,verb,114.8
argument,noun,114.69
behandla,verb,114.58
ren,adjective,114.14
fru,noun,114.0
sjuk,adjective,113.46
istället för,prep,113.32
våld,noun,113.28
utföra,verb,113.17
ställning,noun,113.06
främst,adverb,112.96
räcka,verb,112.94
bättre,adverb,112.92
fundera,verb,112.8
visst,adverb,112.62
sommar,noun,112.48
rörelse,noun,112.44
kund,noun,112.31
villkor,noun,112.19
tillbaka,adverb,112.16
högt,adverb,112.04
president,noun,111.99
emellertid,adverb,111.59
händelse,noun,111.44
uppstå,verb,111.37
acceptera,verb,111.33
huvud,noun,111.17
sök,noun,110.86
snabb,adjective,110.8
så kallad,adverb,110.51
framför,prep,110.51
orsak,noun,110.42
ande,noun,110.42
bilda,verb,110.42
försvinna,verb,110.33
fel,noun,110.16
innehåll,noun,110.12
natur,noun,110.01
begrepp,noun,109.99
för att,subj,109.47
konflikt,noun,109.19
tack,interj,108.87
djur,noun,108.73
chans,noun,108.16
samtidigt som,subj,108.12
demokratisk,adjective,107.94
fel,adverb,107.8
läge,noun,107.77
sprida,verb,107.63
växt,noun,107.37
förutom,prep,106.41
i samband med,prep,106.3
styck,noun,106.25
utskott,noun,106.04
muslim,noun,105.98
ordning,noun,105.89
uppdrag,noun,105.87
mark,noun,105.63
säkerhet,noun,105.63
linje,noun,105.51
önska,verb,105.47
bank,noun,105.47
givetvis,adverb,105.17
studie,noun,105.12
fredag,noun,104.7
lärare,noun,104.69
statlig,adjective,104.45
söndag,noun,104.44
fel,adjective,104.42
speciellt,adverb,104.35
röd,adjective,104.34
television,noun,104.3
hot,noun,104.27
verk,noun,104.0
stund,noun,103.98
publicera,verb,103.98
tillhöra,verb,103.16
omfatta,verb,103.14
material,noun,102.94
pelare,noun,102.91
hjärta,noun,102.88
knappast,adverb,102.76
befinna,verb,102.66
part,noun,102.65
trevlig,adjective,102.64
höst,noun,102.61
skilja,verb,102.57
ens,adverb,102.09
förmåga,noun,102.02
döda,verb,101.92
stånd,noun,101.76
peka,verb,101.73
bedömning,noun,101.49
ringa,verb,101.34
betrakta,verb,101.05
by,noun,100.93
utifrån,prep,100.69
brist,noun,100.59
hänga,verb,100.43
tillräckligt,adverb,100.4
måndag,noun,100.12
aktuell,adjective,99.75
någonsin,adverb,99.71
tillåta,verb,99.66
universitet,noun,99.16
konsekvens,noun,99.15
ställe,noun,98.93
hård,adjective,98.66
majoritet,noun,98.59
domstol,noun,98.49
ordförande,noun,98.46
lördag,noun,98.43
låt,noun,98.35
herr,noun,98.28
sekvens,noun,98.23
förekomma,verb,98.18
stoppa,verb,98.15
nyhet,noun,97.8
journalist,noun,97.73
kris,noun,97.59
rycka,verb,97.44
trycka,verb,97.44
betydligt,adverb,97.4
kosta,verb,97.1
band,noun,97.09
numera,adverb,97.08
tillstånd,noun,97.07
värd,adjective,97.06
igen,particle,96.98
imorgon,adverb,96.53
klass,noun,96.49
uttrycka,verb,96.1
slutsats,noun,95.99
global,adjective,95.78
mitt,adverb,95.61
stol,noun,95.52
ytterligare,adjective,95.35
effektiv,adjective,95.24
resa,verb,95.16
förbättra,verb,95.1
rädda,verb,95.09
list,noun,94.89
relation,noun,94.81
agera,verb,94.6
central,adjective,94.56
flera,pronoun,94.49
undersökning,noun,94.27
uppnå,verb,94.18
krona,noun,94.15
perspektiv,noun,94.04
plötsligt,adverb,93.95
ålder,noun,93.87
naturlig,adjective,93.87
process,noun,93.76
uttryck,noun,93.7
lista,noun,93.66
allra,adverb,93.57
sökning,noun,93.56
ökning,noun,93.56
rysk,adjective,93.55
därför att,subj,93.55
jämföra,verb,93.52
tills,subj,93.48
intresserad,adjective,93.21
totalt,adverb,92.97
hantera,verb,92.87
förvänta,verb,92.79
medel,noun,92.73
vika,verb,92.39
döma,verb,92.38
besöka,verb,92.36
hem,noun,92.26
var,adverb,92.16
täcka,verb,92.1
borgerlig,adjective,92.09
inleda,verb,92.09
helg,noun,92.06
undvika,verb,92.02
tryck,noun,91.76
ryck,noun,91.76
tydligen,adverb,91.69
aktiv,adjective,91.62
höja,verb,91.58
pappa,noun,91.48
varken…eller,conj,91.32
religiös,adjective,91.15
råka,verb,91.0
verklig,adjective,90.87
rent,adverb,90.85
fantastisk,adjective,90.78
grundläggande,adjective,90.73
upptäcka,verb,90.72
erkänna,verb,90.67
helig,adjective,90.59
lön,noun,90.42
historisk,adjective,90.34
rest,noun,90.27
halv,adjective,90.13
besök,noun,90.06
andel,noun,90.06
teknisk,adjective,90.04
kasta,verb,89.78
hemsida,noun,89.75
bedöma,verb,89.72
torsdag,noun,89.68
tillväxt,noun,89.64
läsare,noun,89.59
forskare,noun,89.52
bidrag,noun,89.28
onsdag,noun,89.16
vilja,noun,89.16
sol,noun,89.1
inte minst,adverb,89.08
analys,noun,88.93
ovan,adverb,88.85
lagstiftning,noun,88.83
militär,adjective,88.82
toppa,verb,88.72
sort,noun,88.57
fördel,noun,88.33
skydda,verb,88.3
utnyttja,verb,88.29
nyttja,verb,88.29
teori,noun,88.16
fransk,adjective,88.02
pågå,verb,87.99
samling,noun,87.94
flertal,noun,87.89
snarare,adverb,87.88
försvara,verb,87.72
modell,noun,87.56
skön,adjective,87.52
vapen,noun,87.52
således,adverb,87.49
förening,noun,87.48
lyfta,verb,87.39
eftermiddag,noun,87.36
soldat,noun,87.29
märka,verb,87.24
gemenskap,noun,87.17
ösa,verb,87.12
fast,conj,87.09
styrka,noun,86.87
ersätta,verb,86.51
kille,noun,86.47
vård,noun,86.44
fullt,adverb,86.4
ägna,verb,86.39
oavsett,prep,86.16
poäng,noun,86.13
satsa,verb,86.11
moderat,noun,86.02
rida,verb,85.96
jo,interj,85.95
tisdag,noun,85.94
död,adjective,85.9
allmänt,adverb,85.48
avsluta,verb,85.39
sova,verb,85.26
inne,adverb,85.1
flicka,noun,85.02
sedan,subj,84.79
total,adjective,84.78
allvarlig,adjective,84.74
fram,adverb,84.73
ljus,noun,84.31
sjukdom,noun,84.27
unge,noun,84.16
i form av,prep,84.01
vikt,noun,83.95
rik,adjective,83.8
region,noun,83.76
samtal,noun,83.69
negativ,adjective,83.54
mycket,pronoun,83.53
i år,adverb,83.52
igång,particle,83.49
vändning,noun,83.42
antingen…eller,conj,83.19
föda,verb,83.1
åter,adverb,83.06
arbetare,noun,83.02
skjuta,verb,83.01
tradition,noun,82.91
hämta,verb,82.84
församling,noun,82.73
hav,noun,82.66
energi,noun,82.37
bred,adjective,82.28
vad gäller,prep,82.23
påpeka,verb,82.21
bättra,verb,82.19
skaffa,verb,82.09
utgå,verb,82.08
stärka,verb,81.95
samtlig,adjective,81.95
läkare,noun,81.81
fattig,adjective,81.56
grepp,noun,81.5
utsätta,verb,81.45
spännande,adjective,81.2
fort,adverb,81.07
sikt,noun,81.06
revolution,noun,81.03
brev,noun,80.95
personal,noun,80.84
skada,noun,80.74
illa,adverb,80.73
kämpa,verb,80.69
alltför,adverb,80.65
tecken,noun,80.61
siffra,noun,80.59
tydligt,adverb,80.52
än,adverb,80.5
hårt,adverb,80.46
absolut,adverb,80.27
eka,verb,80.26
engelsk,adjective,80.2
praktik,noun,79.79
förmodligen,adverb,79.75
hoppa,verb,79.72
morgon,noun,79.54
tjej,noun,79.44
konstig,adjective,79.43
union,noun,79.39
kommande,adjective,79.27
avgöra,verb,79.23
chef,noun,79.17
vis,noun,79.11
strid,noun,78.98
sända,verb,78.93
missa,verb,78.88
bedriva,verb,78.64
etcetera,adverb,78.45
anföra,verb,78.34
varm,adjective,78.22
hit,adverb,78.19
berättelse,noun,78.05
produktion,noun,77.86
kapitel,noun,77.76
hindra,verb,77.58
konst,noun,77.53
speciell,adjective,77.45
allvar,noun,77.42
grön,adjective,77.31
vår,noun,77.26
meddela,verb,77.16
omöjlig,adjective,77.05
tillämpa,verb,77.02
skydd,noun,76.99
hittills,adverb,76.96
sällan,adverb,76.95
position,noun,76.89
behandling,noun,76.64
omfattande,adjective,76.54
skog,noun,76.52
kritisera,verb,76.46
springa,verb,76.39
förklaring,noun,76.39
oerhört,adverb,76.26
uppfatta,verb,76.24
foto,noun,76.14
islam,noun,76.13
stänga,verb,76.1
aning,noun,76.09
försvar,noun,76.08
meter,noun,76.04
evolution,noun,75.98
funktion,noun,75.88
dotter,noun,75.82
värdering,noun,75.62
råda,verb,75.56
ersättning,noun,75.51
slippa,verb,75.51
självklart,adverb,75.31
lämplig,adjective,75.27
ting,noun,75.13
minne,noun,75.11
strategi,noun,75.1
orka,verb,75.09
dyka,verb,75.09
kontrollera,verb,74.97
planera,verb,74.86
färg,noun,74.81
lova,verb,74.62
citera,verb,74.41
finansiell,adjective,74.34
ständigt,adverb,74.22
spår,noun,74.17
kall,adjective,74.14
vuxen,adjective,74.07
allians,noun,74.06
faktor,noun,73.95
kvalitet,noun,73.93
utländsk,adjective,73.89
upp,adverb,73.89
svag,adjective,73.87
sköta,verb,73.72
vägra,verb,73.64
rike,noun,73.5
framgå,verb,73.41
judisk,adjective,73.26
studera,verb,73.17
farlig,adjective,73.07
framgång,noun,73.07
billig,adjective,73.02
tolka,verb,73.02
student,noun,72.69
och så vidare,adverb,72.62
visserligen,adverb,72.58
vara,noun,72.57
undantag,noun,72.4
tillgänglig,adjective,72.31
enorm,adjective,72.24
behålla,verb,72.2
dricka,verb,72.16
aktion,noun,72.14
bry sig,verb,72.13
relativt,adverb,72.06
tung,adjective,72.04
arbetsgivare,noun,71.89
med hjälp av,prep,71.84
tvärtom,adverb,71.67
notera,verb,71.48
nation,noun,71.44
sänka,verb,71.42
ärende,noun,71.39
givare,noun,71.09
nyligen,adverb,71.03
kull,noun,71.03
rättelse,noun,71.0
delvis,adverb,70.94
medföra,verb,70.92
ifrågasätta,verb,70.79
för övrigt,adverb,70.76
län,noun,70.61
gata,noun,70.48
medveten,adjective,70.44
serie,noun,70.44
rimlig,adjective,70.42
ty,conj,70.38
invandrare,noun,70.38
dörr,noun,70.02
direktiv,noun,69.99
stiga,verb,69.91
tiga,verb,69.91
begränsad,adjective,69.9
fot,noun,69.9
äntligen,adverb,69.88
vag,adjective,69.88
vänster,adjective,69.77
ner,adverb,69.65
väcka,verb,69.65
leta,verb,69.52
kategori,noun,69.47
häst,noun,69.47
brittisk,adjective,69.43
följd,noun,69.24
traditionell,adjective,69.22
fred,noun,69.22
ed,noun,69.22
användning,noun,69.21
riskera,verb,69.16
tappa,verb,69.16
inkomst,noun,69.04
nöjd,adjective,69.02
kläder,noun,69.0
spara,verb,68.81
styrelse,noun,68.79
intervju,noun,68.72
starkt,adverb,68.69
slutligen,adverb,68.46
bit,noun,68.3
muslimsk,adjective,68.24
vetenskaplig,adjective,68.23
överens,adverb,67.86
framtida,adjective,67.84
bevis,noun,67.69
fast,adjective,67.58
sexuell,adjective,67.49
exakt,adverb,67.27
arbetsmarknad,noun,67.26
underbar,adjective,67.23
post,noun,67.02
extra,adjective,66.9
offer,noun,66.85
sektor,noun,66.75
vinst,noun,66.65
inflytande,noun,66.6
budskap,noun,66.59
klicka,verb,66.58
tips,noun,66.37
världskrig,noun,66.36
med tanke på,prep,66.31
självklar,adjective,66.24
båt,noun,66.17
borta,adverb,66.14
regional,adjective,66.06
framåt,adverb,66.04
skiva,noun,66.0
karaktär,noun,66.0
omkring,adverb,65.97
ansikte,noun,65.96
i början,prep,65.88
aktivitet,noun,65.76
ost,noun,65.67
fängelse,noun,65.6
motsvarande,adjective,65.56
synas,verb,65.54
mor ,noun,65.46
ända,adverb,65.38
ledamot,noun,65.34
i enlighet med,prep,65.2
civil,adjective,65.17
uppenbar,adjective,65.12
skull,noun,65.07
arbetslöshet,noun,65.0
generation,noun,64.92
återigen,adverb,64.84
initiativ,noun,64.56
fastställa,verb,64.47
säsong,noun,64.38
parlament,noun,64.38
tacka,verb,64.24
hota,verb,64.07
tusentals,adverb,64.02
pojke,noun,63.91
version,noun,63.9
existera,verb,63.72
himmel,noun,63.39
reaktion,noun,63.39
rikta,verb,63.25
påstående,noun,63.24
kurs,noun,63.24
öst,noun,63.12
affär,noun,63.08
tidigt,adverb,62.99
upplevelse,noun,62.97
riktning,noun,62.93
vetenskap,noun,62.83
avsnitt,noun,62.81
handel,noun,62.81
sträckning,noun,62.79
locka,verb,62.67
redovisa,verb,62.59
uttalande,noun,62.58
respektive,conj,62.53
para,verb,62.49
störa,verb,62.42
någonstans,adverb,62.31
respekt,noun,62.24
rapportera,verb,62.23
knappt,adverb,62.21
enkelt,adverb,62.17
omständighet,noun,62.09
hänsyn,noun,62.05
ikväll,adverb,62.03
begära,verb,61.92
rubrik,noun,61.88
producera,verb,61.86
utsträckning,noun,61.82
begå,verb,61.74
institution,noun,61.59
förstöra,verb,61.58
boll,noun,61.53
grunda,verb,61.49
förbi,prep,61.34
luft,noun,61.33
industri,noun,61.23
tåg,noun,61.07
skada,verb,61.02
uppfylla,verb,60.84
akta,verb,60.82
förhandling,noun,60.69
syfta,verb,60.6
byggnad,noun,60.45
bror,noun,60.45
skrift,noun,60.43
hälft,noun,60.43
allmänhet,noun,60.26
orsaka,verb,60.24
i slutet,prep,60.23
drygt,adverb,60.1
lever,noun,60.09
bloggare,noun,60.07
tävling,noun,59.87
kommunikation,noun,59.79
plocka,verb,59.59
patient,noun,59.58
sjunga,verb,59.53
vakna,verb,59.51
hälsa,noun,59.45
piratparti,noun,59.45
centrum,noun,59.43
otroligt,adverb,59.42
roligt,adverb,59.42
träna,verb,59.09
bord,noun,59.07
förrän,subj,59.06
reda,noun,59.02
vidta,verb,59.02
mana,verb,58.88
väljare,noun,58.84
uppmana,verb,58.76
publik,noun,58.71
motstånd,noun,58.6
lida,verb,58.6
lägenhet,noun,58.56
vänsterparti,noun,58.46
användare,noun,58.35
avslöja,verb,58.29
fiende,noun,58.26
lopp,noun,58.2
återvända,verb,58.17
utmaning,noun,58.16
hopp,noun,58.14
konkurrens,noun,58.14
dröm,noun,58.07
detalj,noun,58.03
nedan,adverb,57.98
placera,verb,57.94
litteratur,noun,57.85
ana,verb,57.79
inställning,noun,57.78
armé,noun,57.72
pröva,verb,57.64
egenskap,noun,57.61
rekommendera,verb,57.61
synpunkt,noun,57.51
undan,prep,57.5
angående,prep,57.49
präst,noun,57.44
webbplats,noun,57.41
bostad,noun,57.37
vardag,noun,57.37
gratis,adverb,57.31
återkomma,verb,57.2
bevisa,verb,57.17
anställd,noun,57.15
förbjuda,verb,57.13
uttala,verb,57.08
investering,noun,57.01
fira,verb,56.93
försäljning,noun,56.93
klubb,noun,56.9
citat,noun,56.87
palestinier,noun,56.84
utrymme,noun,56.83
förr,adverb,56.75
svårt,adverb,56.72
påminna,verb,56.57
aktör,noun,56.53
omkring,prep,56.37
fokus,noun,56.32
beröra,verb,56.26
ägare,noun,56.2
kapital,noun,56.03
minister,noun,55.85
titel,noun,55.79
glädje,noun,55.79
anpassa,verb,55.79
något,adverb,55.74
utgångspunkt,noun,55.74
nätverk,noun,55.73
scen,noun,55.67
nytta,noun,55.62
begränsa,verb,55.6
sikte,noun,55.52
som vanligt,adverb,55.42
avstånd,noun,55.37
fly,verb,55.32
i övrigt,adverb,55.3
inflation,noun,55.13
ben,noun,55.11
definition,noun,54.94
uppmärksamhet,noun,54.9
ladda,verb,54.89
jul,noun,54.78
dåligt,adverb,54.56
passera,verb,54.39
herre,noun,54.34
i fråga om,prep,54.28
klimat,noun,54.24
var,pronoun,54.15
topp,noun,54.11
troligen,adverb,54.11
landsting,noun,53.95
kompis,noun,53.95
främja,verb,53.95
undersöka,verb,53.89
kilometer,noun,53.72
reform,noun,53.71
testa,verb,53.66
uppenbarligen,adverb,53.53
rakt,adverb,53.53
desto,adverb,53.5
trupp,noun,53.44
vart,adverb,53.43
seger,noun,53.38
centerparti,noun,53.37
förlust,noun,53.3
själ,noun,53.26
öde,noun,53.22
mord,noun,53.2
dokument,noun,53.17
upphöra,verb,53.15
folkparti,noun,53.14
kraftigt,adverb,53.14
reagera,verb,53.1
middag,noun,53.1
hjärna,noun,53.02
fast,subj,53.01
förtroende,noun,52.99
upphovsrätt,noun,52.95
förordning,noun,52.95
skuld,noun,52.87
professor,noun,52.61
inklusive,prep,52.53
yrkande,noun,52.51
skrivning,noun,52.51
beskrivning,noun,52.51
lycka,noun,52.51
äng,noun,52.49
hänvisa,verb,52.38
buss,noun,52.35
make,noun,52.21
plan,noun,52.0
stil,noun,51.78
förbund,noun,51.74
tolkning,noun,51.7
utöver,prep,51.6
syster,noun,51.59
berg,noun,51.57
motståndare,noun,51.53
beteende,noun,51.29
bud,noun,51.28
träning,noun,51.25
vare sig,conj,51.25
äktenskap,noun,51.11
inslag,noun,50.92
förhindra,verb,50.9
delning,noun,50.82
kapitalism,noun,50.81
bilaga,noun,50.76
invånare,noun,50.64
struktur,noun,50.56
sjukhus,noun,50.51
visning,noun,50.3
tack vare,prep,50.23
gentemot,prep,50.23
aspekt,noun,50.22
godkänna,verb,50.2
dialog,noun,50.17
vägg,noun,50.14
oro,noun,50.14
tema,noun,50.11
helhet,noun,50.05
satsning,noun,50.02
statistik,noun,50.0
beräkna,verb,49.99
resonemang,noun,49.97
förbud,noun,49.95
dollar,noun,49.94
längs,prep,49.8
fixa,verb,49.79
kollega,noun,49.68
inträffa,verb,49.66
sjukvård,noun,49.6
överleva,verb,49.51
meddelande,noun,49.48
näringsliv,noun,49.43
låna,verb,49.26
förståelse,noun,49.23
fisk,noun,49.17
konsument,noun,49.13
framhålla,verb,49.07
storlek,noun,49.07
telefon,noun,48.95
kön,noun,48.94
roman,noun,48.7
laga,verb,48.7
lån,noun,48.68
likna,verb,48.67
lita,verb,48.62
säng,noun,48.59
rädsla,noun,48.56
skit,noun,48.52
tänkande,noun,48.51
arm,noun,48.45
bruk,noun,48.4
radio,noun,48.33
granska,verb,48.31
bekräfta,verb,48.27
väder,noun,48.25
hinder,noun,48.24
bana,noun,48.15
reklam,noun,48.04
trafik,noun,48.01
artist,noun,47.95
allting,pronoun,47.95
huruvida,subj,47.92
bröd,noun,47.92
butik,noun,47.83
förbli,verb,47.73
beträffande,prep,47.59
vänster,noun,47.58
fartyg,noun,47.47
flyga,verb,47.45
gifta,verb,47.43
ränta,noun,47.34
proposition,noun,47.31
svårighet,noun,47.24
fart,noun,47.21
tant,noun,47.2
avsikt,noun,47.12
opposition,noun,47.11
intryck,noun,47.0
visa,noun,46.94
ideologi,noun,46.83
representant,noun,46.77
tack,noun,46.74
engagemang,noun,46.69
gäng,noun,46.56
träda,verb,46.56
sjunka,verb,46.55
föremål,noun,46.54
attack,noun,46.49
representera,verb,46.46
miljöparti,noun,46.41
avgift,noun,46.38
motsvara,verb,46.25
översättning,noun,46.2
uppskatta,verb,46.1
kommitté,noun,46.0
blod,noun,45.98
högskola,noun,45.98
blanda,verb,45.98
integritet,noun,45.9
hår,noun,45.86
organ,noun,45.79
misstag,noun,45.74
träd,noun,45.68
tak,noun,45.67
straff,noun,45.66
överenskommelse,noun,45.61
kampanj,noun,45.59
grej,noun,45.58
åstadkomma,verb,45.57
budget,noun,45.56
rygg,noun,45.55
press,noun,45.45
verktyg,noun,45.4
framstå,verb,45.4
beroende på,prep,45.39
betyg,noun,45.28
detsamma,pronoun,45.26
start,noun,45.17
leverera,verb,45.14
kompetens,noun,45.13
var och en,pronoun,45.08
vinter,noun,44.95
gripa,verb,44.94
skyldighet,noun,44.81
företrädare,noun,44.73
njuta,verb,44.46
posta,verb,44.39
runda,verb,44.38
för,conj,44.36
bereda,verb,44.28
uppmärksamma,verb,44.27
yta,noun,44.18
skratta,verb,44.04
underlätta,verb,44.04
tillämpning,noun,43.98
föreligga,verb,43.98
garantera,verb,43.97
jakt,noun,43.94
utse,verb,43.93
blick,noun,43.86
svenska,noun,43.74
konferens,noun,43.68
framföra,verb,43.66
varg,noun,43.6
kanal,noun,43.59
utöva,verb,43.51
regim,noun,43.51
fokusera,verb,43.48
bransch,noun,43.46
belopp,noun,43.46
sekund,noun,43.43
reda,verb,43.42
torde,verb,43.35
ordna,verb,43.33
närma,verb,43.31
vind,noun,43.29
gård,noun,43.28
mitt,noun,43.27
sång,noun,43.18
identitet,noun,43.18
skrika,verb,43.14
närma sig,verb,43.14
tidpunkt,noun,43.12
avskaffa,verb,43.11
samband,noun,43.1
uppge,verb,43.08
ursprung,noun,43.07
deltagare,noun,43.07
insikt,noun,43.05
forum,noun,43.03
kort,noun,43.02
statsminister,noun,42.87
definiera,verb,42.8
fönster,noun,42.75
get,noun,42.71
likhet,noun,42.68
ljud,noun,42.67
beställa,verb,42.48
synd,noun,42.46
papper,noun,42.43
fara,noun,42.39
omfattning,noun,42.37
bevara,verb,42.29
väga,verb,42.23
fenomen,noun,42.2
riktlinje,noun,42.17
profet,noun,42.16
decennium,noun,42.15
inriktning,noun,42.05
ram,noun,42.04
misslyckas,verb,42.04
finansiera,verb,42.03
kristendom,noun,42.0
hotell,noun,42.0
skatta,verb,41.87
klaga,verb,41.87
i förhållande till,prep,41.87
upprätta,verb,41.86
gynna,verb,41.53
ifall,subj,41.43
leka,verb,41.37
upprepa,verb,41.31
snö,noun,41.31
märke,noun,41.31
undervisning,noun,41.29
kött,noun,41.19
förutsätta,verb,41.16
replik,noun,41.12
koppling,noun,41.1
snitt,noun,41.04
engelska,noun,41.03
sysselsättning,noun,40.97
besked,noun,40.96
lätta,verb,40.92
avseende,noun,40.83
ropa,verb,40.76
bekämpa,verb,40.74
sjö,noun,40.7
inom ramen för,prep,40.67
kaffe,noun,40.67
förstärka,verb,40.65
euro,noun,40.64
mänsklighet,noun,40.59
betona,verb,40.53
expert,noun,40.48
fildelning,noun,40.41
olja,noun,40.38
förbereda,verb,40.33
förfarande,noun,40.3
trygghet,noun,40.26
konstnär,noun,40.2
stjärna,noun,40.12
tyg,noun,40.09
läsning,noun,40.01
fotboll,noun,40.0
flykting,noun,39.98
koppla,verb,39.9
forma,verb,39.88
bibel,noun,39.87
samarbeta,verb,39.84
slänga,verb,39.82
ögonblick,noun,39.81
neka,verb,39.75
arbetsplats,noun,39.66
lokal,noun,39.58
summa,noun,39.56
tona,verb,39.44
tendens,noun,39.43
restaurang,noun,39.29
återstå,verb,39.29
vila,verb,39.26
kamera,noun,39.24
framställa,verb,39.04
ända,noun,39.0
strand,noun,38.97
mångfald,noun,38.97
pension,noun,38.96
diskriminering,noun,38.94
misstänka,verb,38.94
utsläpp,noun,38.92
logga,verb,38.85
medicin,noun,38.84
sport,noun,38.76
rättvisa,noun,38.74
eld,noun,38.73
erhålla,verb,38.41
egendom,noun,38.38
köp,noun,38.33
välfärd,noun,38.32
sticka,verb,38.31
mäta,verb,38.3
helvete,noun,38.27
jordbruk,noun,38.26
sällskap,noun,38.25
medverka,verb,38.2
arbetstagare,noun,38.17
fånga,verb,38.16
blogga,verb,38.15
terrorism,noun,38.13
fest,noun,38.12
väst,noun,38.1
sajt,noun,38.08
prova,verb,38.07
prägla,verb,38.03
övning,noun,37.99
måla,verb,37.96
vin,noun,37.91
identifiera,verb,37.89
rasism,noun,37.84
ståndpunkt,noun,37.84
granne,noun,37.82
rang,noun,37.81
resultera,verb,37.79
karriär,noun,37.72
trend,noun,37.69
kontor,noun,37.63
jaga,verb,37.6
yttrandefrihet,noun,37.57
fortsättning,noun,37.46
stöta,verb,37.45
förneka,verb,37.44
demonstration,noun,37.37
färd,noun,37.3
efterfrågan,noun,37.29
kandidat,noun,37.23
upprätthålla,verb,37.23
instrument,noun,37.17
fördrag,noun,37.17
analysera,verb,37.12
uppmuntra,verb,37.07
genomförande,noun,37.04
attityd,noun,36.99
föreställning,noun,36.97
än,subj,36.96
lyda,verb,36.93
variant,noun,36.89
utrikesminister,noun,36.87
höjd,noun,36.87
hustru,noun,36.85
gäst,noun,36.85
vandring,noun,36.83
kontakta,verb,36.81
mil,noun,36.74
lära,noun,36.63
medge,verb,36.61
invandring,noun,36.54
alkohol,noun,36.54
arbetarklass,noun,36.51
lögn,noun,36.5
yttrande,noun,36.5
doktor,noun,36.39
gränsa,verb,36.39
vision,noun,36.38
omgivning,noun,36.28
bistånd,noun,36.19
bas,noun,36.17
ansluta,verb,36.17
fil,noun,36.17
föredra,verb,36.14
välkomna,verb,36.02
tillverka,verb,35.95
ambition,noun,35.85
förtjäna,verb,35.75
aktie,noun,35.75
dygn,noun,35.75
anklaga,verb,35.75
norm,noun,35.69
räkning,noun,35.61
republik,noun,35.57
rykte,noun,35.54
jämförelse,noun,35.52
avstå,verb,35.46
ära,noun,35.43
länsstyrelse,noun,35.41
bibliotek,noun,35.39
diktatur,noun,35.37
variera,verb,35.35
boende,noun,35.29
museum,noun,35.28
ursäkt,noun,35.24
vete,noun,35.23
öra,noun,35.14
granskning,noun,35.1
balans,noun,35.09
mage,noun,35.09
lunch,noun,34.98
kommunist,noun,34.92
militär,noun,34.9
gåva,noun,34.86
socialism,noun,34.75
anställning,noun,34.72
ansökan,noun,34.66
test,noun,34.62
protest,noun,34.62
anda,noun,34.6
katastrof,noun,34.56
mur,noun,34.49
tjänsteman,noun,34.46
led,noun,34.43
till följd av,prep,34.39
kristdemokrat,noun,34.3
flod,noun,34.29
talare,noun,34.29
mörker,noun,34.28
begränsning,noun,34.27
värme,noun,34.25
agerande,noun,34.24
minoritet,noun,34.2
dam,noun,34.16
olikhet,noun,34.12
motiv,noun,34.12
utställning,noun,34.11
huvudstad,noun,34.08
terrorist,noun,34.04
besökare,noun,34.03
hushåll,noun,34.01
förvaltning,noun,33.74
hat,noun,33.72
mönster,noun,33.72
varumärke,noun,33.62
fastighet,noun,33.61
moral,noun,33.59
myt,noun,33.55
hamn,noun,33.39
karta,noun,33.33
konvention,noun,33.31
koll,noun,33.3
längd,noun,33.28
läggning,noun,33.2
kilogram,noun,33.17
finansiering,noun,33.11
löfte,noun,33.11
amerikan,noun,33.09
rit,noun,33.09
status,noun,33.08
dikt,noun,33.01
sko,noun,33.0
medarbetare,noun,32.96
lust,noun,32.94
kassa,noun,32.91
flygplats,noun,32.9
bredvid,prep,30.67
med hänsyn till,prep,29.73
rörande,prep,29.57
med anledning av,prep,28.44
från och med,prep,26.44
sådan här,det,26.09
ju,conj,25.65
bortom,prep,24.39
utav,prep,24.37
densamma,pronoun,23.84
såväl som,conj,23.0
intill,prep,22.95
i mitten av,prep,21.36
i närheten av,prep,21.22
tills,prep,20.69
vem som helst,pronoun,20.6
emellan,prep,19.99
vid sidan av,prep,19.48
ovanför,prep,19.1
fastän,subj,19.04
oberoende av,prep,18.86
med stöd av,prep,18.24
innan,prep,17.32
såvitt,subj,17.07
till förmån för,prep,16.96
ett,pronoun,16.92
somlig,pronoun,16.89
allihop,pronoun,15.6
med hänvisning till,prep,14.88
norr om,prep,13.99
i kombination med,prep,13.82
i jämförelse med,prep,13.07
söder om,prep,13.02
jämte,prep,12.94
såvida,subj,12.82
apropå,prep,12.78
i anslutning till,prep,12.71
innanför,prep,12.67
bortsett från,prep,12.22
någon som helst,det,11.25
vardera,pronoun,10.97
fler och fler,pronoun,10.8
liksom,subj,10.64
i motsats till,prep,10.5
förutsatt att,subj,10.4
varannan,det,9.79
i relation till,prep,9.73
under förutsättning att,subj,9.71
med avseende på,prep,9.69
varsin,pronoun,9.51
kontra,prep,9.5
ovan,prep,9.28
uppför,prep,8.99
bara,subj,8.32
ovanpå,prep,7.91
alltihop,pronoun,7.44
i behov av,prep,7.4
utmed,prep,7.29
så länge,subj,7.28
inuti,prep,7.26
nedanför,prep,7.11
i ljuset av,prep,6.94
väster om,prep,6.19
envar,pronoun,5.44
mittemot,prep,1.94
